{"1": {"route_id": 0, "address": "\u65b0\u5317\u5e02\u6c38\u548c\u5340\u96d9\u548c\u885752\u5df714\u865f", "coordinate": [25.0030898, 121.5092846], "type": "supply", "special": 0, "normal": 0, "nutri": 0, "raw": 1}, "10": {"route_id": 1, "address": "2G34+7G \u4e2d\u548c\u5340 \u65b0\u5317\u5e02", "coordinate": [25.0031875, 121.5063125], "type": "supply", "special": 1, "normal": 0, "nutri": 0, "raw": 0}, "4": {"route_id": 2, "address": "\u65b0\u5317\u5e02\u6c38\u548c\u5340\u74b0\u6cb3\u897f\u8def209\u5df727\u865f2\u6a13", "coordinate": [25.010053, 121.501719], "type": "supply", "special": 0, "normal": 0, "nutri": 1, "raw": 0}, "19": {"route_id": 3, "address": "\u65b0\u5317\u5e02\u6c38\u548c\u5340\u6c38\u5e73\u8def302\u5df79\u5f042\u865f4\u6a13", "coordinate": [25.0128859, 121.5078064], "type": "demand", "special_demand": 4, "nutri_demand": 1, "special": 0, "normal": 0, "nutri": 1, "raw": 0}, "18": {"route_id": 4, "address": "\u65b0\u5317\u5e02\u6c38\u548c\u5340\u65b0\u751f\u8def121\u5df74\u5f0415\u865f2\u6a13", "coordinate": [25.0147379, 121.507892], "type": "demand", "special_demand": 2, "nutri_demand": 5, "special": 0, "normal": 0, "nutri": 1, "raw": 0}, "8": {"route_id": 5, "address": "\u65b0\u5317\u5e02\u6c38\u548c\u5340\u5149\u5fa9\u885715\u865f", "coordinate": [25.0172689, 121.516345], "type": "supply", "special": 0, "normal": 1, "nutri": 0, "raw": 0}, "11": {"route_id": 6, "address": "\u65b0\u5317\u5e02\u6c38\u548c\u5340\u52f5\u884c\u885729\u5df79\u865f", "coordinate": [25.014301, 121.516767], "type": "demand", "special_demand": 9, "nutri_demand": 1, "special": 1, "normal": 0, "nutri": 0, "raw": 0}, "15": {"route_id": 7, "address": "\u65b0\u5317\u5e02\u6c38\u548c\u5340\u74b0\u6cb3\u6771\u8def1\u6bb5108\u865f", "coordinate": [25.0159963, 121.5200675], "type": "demand", "special_demand": 5, "nutri_demand": 8, "special": 0, "normal": 0, "nutri": 1, "raw": 0}, "5": {"route_id": 8, "address": "\u65b0\u5317\u5e02\u6c38\u548c\u5340\u4e2d\u8208\u885784\u5df75\u865f2\u6a13", "coordinate": [25.0117279, 121.5189123], "type": "supply", "special": 1, "normal": 0, "nutri": 0, "raw": 0}, "9": {"route_id": 9, "address": "\u65b0\u5317\u5e02\u6c38\u548c\u5340\u8c6b\u6eaa\u885770\u865f", "coordinate": [25.0098328, 121.5170669], "type": "supply", "special": 0, "normal": 0, "nutri": 1, "raw": 0}, "7": {"route_id": 10, "address": "\u65b0\u5317\u5e02\u6c38\u548c\u5340\u570b\u5149\u8def29\u865f", "coordinate": [25.0082, 121.519619], "type": "supply", "special": 1, "normal": 0, "nutri": 0, "raw": 0}, "16": {"route_id": 11, "address": "\u65b0\u5317\u5e02\u6c38\u548c\u5340\u79c0\u548c\u91cc\u6797\u68ee\u8def44\u5df76\u5f0412\u865f2\u6a13", "coordinate": [25.0052857, 121.5253281], "type": "demand", "special_demand": 6, "nutri_demand": 1, "special": 1, "normal": 0, "nutri": 0, "raw": 0}, "6": {"route_id": 12, "address": "\u65b0\u5317\u5e02\u6c38\u548c\u5340\u6c11\u6a02\u885739\u5df72\u865f", "coordinate": [25.0002285, 121.5276369], "type": "supply", "special": 0, "normal": 0, "nutri": 0, "raw": 1}, "12": {"route_id": 13, "address": "\u65b0\u5317\u5e02\u6c38\u548c\u5340\u5f97\u548c\u8def269\u865f2\u6a13", "coordinate": [25.0000286, 121.5215816], "type": "demand", "special_demand": 4, "nutri_demand": 1, "special": 0, "normal": 0, "nutri": 1, "raw": 0}, "17": {"route_id": 14, "address": "\u65b0\u5317\u5e02\u6c38\u548c\u5340\u6c38\u5229\u8def94\u5df75\u5f047\u865f", "coordinate": [25.0033117, 121.5210032], "type": "demand", "special_demand": 6, "nutri_demand": 1, "special": 1, "normal": 0, "nutri": 0, "raw": 0}, "13": {"route_id": 15, "address": "\u65b0\u5317\u5e02\u6c38\u548c\u5340\u79c0\u6717\u8def2\u6bb524\u5df722\u865f2\u6a13", "coordinate": [25.002286, 121.519985], "type": "demand", "special_demand": 4, "nutri_demand": 1, "special": 0, "normal": 0, "nutri": 1, "raw": 0}, "14": {"route_id": 16, "address": "\u65b0\u5317\u5e02\u6c38\u548c\u5340\u5b89\u6a02\u8def272\u5df79\u5f043\u865f", "coordinate": [25.0045823, 121.5150209], "type": "demand", "special_demand": 1, "nutri_demand": 1, "special": 0, "normal": 0, "nutri": 1, "raw": 0}, "2": {"route_id": 17, "address": "\u65b0\u5317\u5e02\u6c38\u548c\u5340\u6c38\u5e73\u8def147\u865f", "coordinate": [25.008512, 121.511081], "type": "supply", "special": 1, "normal": 0, "nutri": 0, "raw": 0}, "3": {"route_id": 18, "address": "\u65b0\u5317\u5e02\u6c38\u548c\u5340\u4fdd\u5e73\u8def236\u5df715\u5f042\u865f", "coordinate": [25.006388, 121.508347], "type": "supply", "special": 0, "normal": 1, "nutri": 0, "raw": 0}}